{"cameraMode":{"drawMode":0,"name":"Shaded","section":"Shading Mode"},"sceneLighting":true,"audioPlay":false,"sceneViewState":{"showFog":true,"showMaterialUpdate":false,"showSkybox":true,"showFlares":true,"showImageEffects":true,"showParticleSystems":true},"in2DMode":false,"pivot":{"x":-1.0724973678588868,"y":0.29728269577026369,"z":0.26047515869140627},"rotation":{"x":-0.10273770987987519,"y":0.8890317678451538,"z":-0.24490785598754884,"w":-0.3729448914527893},"size":8.54893684387207,"orthographic":false}