{"cameraMode":{"drawMode":0,"name":"Shaded","section":"Shading Mode"},"sceneLighting":false,"audioPlay":false,"sceneViewState":{"showFog":true,"showMaterialUpdate":false,"showSkybox":false,"showFlares":true,"showImageEffects":true,"showParticleSystems":true},"in2DMode":false,"pivot":{"x":0.5,"y":0.5799999237060547,"z":-1.1920928955078126e-7},"rotation":{"x":-0.10273770987987519,"y":0.8890317678451538,"z":-0.24490785598754884,"w":-0.3729448914527893},"size":4.041659355163574,"orthographic":false}