{"cameraMode":{"drawMode":0,"name":"Shaded","section":"Shading Mode"},"sceneLighting":true,"audioPlay":false,"sceneViewState":{"showFog":true,"showMaterialUpdate":false,"showSkybox":true,"showFlares":true,"showImageEffects":true,"showParticleSystems":true},"in2DMode":false,"pivot":{"x":3.4554967880249025,"y":2.126871109008789,"z":-3.988985061645508},"rotation":{"x":-0.05229298770427704,"y":0.9427230358123779,"z":-0.17769911885261537,"w":-0.27742230892181399},"size":32.72533416748047,"orthographic":false}