{"cameraMode":{"drawMode":0,"name":"Shaded","section":"Shading Mode"},"sceneLighting":true,"audioPlay":false,"sceneViewState":{"showFog":false,"showMaterialUpdate":false,"showSkybox":false,"showFlares":false,"showImageEffects":false,"showParticleSystems":false},"in2DMode":false,"pivot":{"x":6.1644287109375,"y":-2.990482807159424,"z":-0.1930752396583557},"rotation":{"x":0.1511864960193634,"y":0.6923313736915588,"z":-0.1519133597612381,"w":0.6890184283256531},"size":15.525254249572754,"orthographic":false}