{"cameraMode":{"drawMode":0,"name":"Shaded","section":"Shading Mode"},"sceneLighting":true,"audioPlay":false,"sceneViewState":{"showFog":false,"showMaterialUpdate":false,"showSkybox":false,"showFlares":false,"showImageEffects":false,"showParticleSystems":false},"in2DMode":false,"pivot":{"x":-0.21464119851589204,"y":-8.915210723876954,"z":12.233098983764649},"rotation":{"x":0.3012470602989197,"y":-0.0011477300431579352,"z":0.00036264819209463894,"w":0.9535476565361023},"size":22.79309844970703,"orthographic":false}