{"cameraMode":{"drawMode":0,"name":"Shaded","section":"Shading Mode"},"sceneLighting":true,"audioPlay":false,"sceneViewState":{"showFog":false,"showMaterialUpdate":false,"showSkybox":false,"showFlares":false,"showImageEffects":false,"showParticleSystems":false},"in2DMode":false,"pivot":{"x":-0.27765336632728579,"y":-6.827951908111572,"z":13.535655975341797},"rotation":{"x":0.24934063851833344,"y":-0.0026182408910244705,"z":0.0006741902325302362,"w":0.9684141278266907},"size":21.81157684326172,"orthographic":false}