{"cameraMode":{"drawMode":0,"name":"Shaded","section":"Shading Mode"},"sceneLighting":true,"audioPlay":false,"sceneViewState":{"showFog":false,"showMaterialUpdate":false,"showSkybox":false,"showFlares":false,"showImageEffects":false,"showParticleSystems":false},"in2DMode":false,"pivot":{"x":-0.1701216697692871,"y":-1.2016773223876954,"z":1.5012927055358887},"rotation":{"x":-0.14748680591583253,"y":0.84023118019104,"z":-0.28246834874153139,"w":-0.43871429562568667},"size":8.043716430664063,"orthographic":false}