{"cameraMode":{"drawMode":0,"name":"Shaded","section":"Shading Mode"},"sceneLighting":true,"audioPlay":false,"sceneViewState":{"showFog":false,"showMaterialUpdate":false,"showSkybox":false,"showFlares":false,"showImageEffects":false,"showParticleSystems":false},"in2DMode":false,"pivot":{"x":4.045470237731934,"y":-0.7615518569946289,"z":0.14913177490234376},"rotation":{"x":0.351968377828598,"y":-0.039019081741571429,"z":0.014686872251331807,"w":0.9350857734680176},"size":18.740398406982423,"orthographic":false}