{"cameraMode":{"drawMode":0,"name":"Shaded","section":"Shading Mode"},"sceneLighting":true,"audioPlay":false,"sceneViewState":{"showFog":false,"showMaterialUpdate":false,"showSkybox":false,"showFlares":false,"showImageEffects":false,"showParticleSystems":false},"in2DMode":false,"pivot":{"x":6.238799095153809,"y":-2.820831298828125,"z":-0.40606653690338137},"rotation":{"x":0.1459374576807022,"y":0.6983851790428162,"z":-0.1488553285598755,"w":0.6846945881843567},"size":15.525254249572754,"orthographic":false}